{"cameraMode":{"drawMode":0,"name":"Shaded","section":"Shading Mode"},"sceneLighting":true,"audioPlay":false,"sceneViewState":{"showFog":true,"showMaterialUpdate":false,"showSkybox":true,"showFlares":true,"showImageEffects":true,"showParticleSystems":true},"in2DMode":false,"pivot":{"x":4.157155990600586,"y":2.649850368499756,"z":1.9160572290420533},"rotation":{"x":-0.19567060470581056,"y":0.6867145299911499,"z":-0.2003033310174942,"w":-0.6708316206932068},"size":17.53896713256836,"orthographic":false}