{"cameraMode":{"drawMode":0,"name":"Shaded","section":"Shading Mode"},"sceneLighting":true,"audioPlay":false,"sceneViewState":{"showFog":true,"showMaterialUpdate":false,"showSkybox":true,"showFlares":true,"showImageEffects":true,"showParticleSystems":true},"in2DMode":false,"pivot":{"x":-0.4338954985141754,"y":-0.5515732169151306,"z":-0.6500966548919678},"rotation":{"x":-0.5002025365829468,"y":0.003103777766227722,"z":-0.0018188662361353636,"w":-0.8659651279449463},"size":14.862524032592774,"orthographic":false}