{"cameraMode":{"drawMode":0,"name":"Shaded","section":"Shading Mode"},"sceneLighting":false,"audioPlay":false,"sceneViewState":{"showFog":true,"showMaterialUpdate":false,"showSkybox":true,"showFlares":true,"showImageEffects":true,"showParticleSystems":true},"in2DMode":false,"pivot":{"x":1.8470286130905152,"y":-7.691493034362793,"z":9.154951095581055},"rotation":{"x":-0.37882930040359499,"y":-0.03414079174399376,"z":0.013985979370772839,"w":-0.9247316122055054},"size":14.370861053466797,"orthographic":false}