{"cameraMode":{"drawMode":0,"name":"Shaded","section":"Shading Mode"},"sceneLighting":false,"audioPlay":false,"sceneViewState":{"showFog":true,"showMaterialUpdate":false,"showSkybox":false,"showFlares":true,"showImageEffects":true,"showParticleSystems":true},"in2DMode":false,"pivot":{"x":0.218568816781044,"y":0.05231523513793945,"z":0.2572288513183594},"rotation":{"x":-0.6321359872817993,"y":0.0027869483456015589,"z":-0.0022743158042430879,"w":-0.7748526334762573},"size":5.438107490539551,"orthographic":false}