{"cameraMode":{"drawMode":0,"name":"Shaded","section":"Shading Mode"},"sceneLighting":false,"audioPlay":false,"sceneViewState":{"showFog":true,"showMaterialUpdate":false,"showSkybox":false,"showFlares":true,"showImageEffects":true,"showParticleSystems":true},"in2DMode":false,"pivot":{"x":0.27445077896118166,"y":-1.6359243392944337,"z":4.27372407913208},"rotation":{"x":0.3712204396724701,"y":0.47005999088287356,"z":-0.22723902761936189,"w":0.7678711414337158},"size":7.0813517570495609,"orthographic":false}