{"cameraMode":{"drawMode":0,"name":"Shaded","section":"Shading Mode"},"sceneLighting":false,"audioPlay":false,"sceneViewState":{"showFog":true,"showMaterialUpdate":false,"showSkybox":true,"showFlares":true,"showImageEffects":true,"showParticleSystems":true},"in2DMode":false,"pivot":{"x":9.229562759399414,"y":-5.590785980224609,"z":24.6466064453125},"rotation":{"x":0.5259335041046143,"y":-0.0035606087185442449,"z":0.0022092589642852546,"w":0.850532054901123},"size":23.37027359008789,"orthographic":false}