{"cameraMode":{"drawMode":0,"name":"Shaded","section":"Shading Mode"},"sceneLighting":false,"audioPlay":false,"sceneViewState":{"showFog":true,"showMaterialUpdate":false,"showSkybox":true,"showFlares":true,"showImageEffects":true,"showParticleSystems":true},"in2DMode":false,"pivot":{"x":-27.875732421875,"y":-33.98585891723633,"z":-27.74184226989746},"rotation":{"x":-0.13672851026058198,"y":0.8611223101615906,"z":-0.30966851115226748,"w":-0.379528284072876},"size":65.5419692993164,"orthographic":false}