{"cameraMode":{"drawMode":0,"name":"Shaded","section":"Shading Mode"},"sceneLighting":false,"audioPlay":false,"sceneViewState":{"showFog":true,"showMaterialUpdate":false,"showSkybox":true,"showFlares":true,"showImageEffects":true,"showParticleSystems":true},"in2DMode":false,"pivot":{"x":10.862685203552246,"y":-3.757658004760742,"z":23.152889251708986},"rotation":{"x":0.7172133922576904,"y":-0.0060637895949184898,"z":0.006225766148418188,"w":0.696834921836853},"size":23.746736526489259,"orthographic":false}