{"cameraMode":{"drawMode":0,"name":"Shaded","section":"Shading Mode"},"sceneLighting":false,"audioPlay":false,"sceneViewState":{"showFog":true,"showMaterialUpdate":false,"showSkybox":true,"showFlares":true,"showImageEffects":true,"showParticleSystems":true},"in2DMode":false,"pivot":{"x":1703.7493896484375,"y":950.1668701171875,"z":0.0},"rotation":{"x":0.17308516800403596,"y":-0.020681392401456834,"z":0.003635328495875001,"w":0.984683632850647},"size":1055.255126953125,"orthographic":true}