{"cameraMode":{"drawMode":0,"name":"Shaded","section":"Shading Mode"},"sceneLighting":false,"audioPlay":false,"sceneViewState":{"showFog":true,"showMaterialUpdate":false,"showSkybox":true,"showFlares":true,"showImageEffects":true,"showParticleSystems":true},"in2DMode":false,"pivot":{"x":724.472412109375,"y":510.1741027832031,"z":214.2393798828125},"rotation":{"x":-0.11053375154733658,"y":0.8553688526153565,"z":-0.2041713297367096,"w":-0.4630773961544037},"size":1817.9847412109375,"orthographic":false}