{"cameraMode":{"drawMode":0,"name":"Shaded","section":"Shading Mode"},"sceneLighting":false,"audioPlay":false,"sceneViewState":{"showFog":true,"showMaterialUpdate":false,"showSkybox":false,"showFlares":true,"showImageEffects":true,"showParticleSystems":true},"in2DMode":false,"pivot":{"x":0.18459904193878175,"y":0.6067938804626465,"z":-0.054429829120635989},"rotation":{"x":-0.6321359872817993,"y":0.0027869483456015589,"z":-0.0022743158042430879,"w":-0.7748526334762573},"size":2.657443046569824,"orthographic":false}