{"cameraMode":{"drawMode":0,"name":"Shaded","section":"Shading Mode"},"sceneLighting":false,"audioPlay":false,"sceneViewState":{"showFog":true,"showMaterialUpdate":false,"showSkybox":true,"showFlares":true,"showImageEffects":true,"showParticleSystems":true},"in2DMode":false,"pivot":{"x":0.4300290048122406,"y":2.354254722595215,"z":-3.826150894165039},"rotation":{"x":-0.4642244577407837,"y":-0.04063109681010246,"z":0.021323882043361665,"w":-0.8845323324203491},"size":8.403656005859375,"orthographic":false}