{"cameraMode":{"drawMode":0,"name":"Shaded","section":"Shading Mode"},"sceneLighting":false,"audioPlay":false,"sceneViewState":{"showFog":true,"showMaterialUpdate":false,"showSkybox":true,"showFlares":true,"showImageEffects":true,"showParticleSystems":true},"in2DMode":false,"pivot":{"x":8.086309432983399,"y":2.2015695571899416,"z":23.244327545166017},"rotation":{"x":-0.08029299974441529,"y":0.9064697027206421,"z":-0.20062045753002168,"w":-0.3627905547618866},"size":18.355684280395509,"orthographic":false}