{"cameraMode":{"drawMode":0,"name":"Shaded","section":"Shading Mode"},"sceneLighting":false,"audioPlay":false,"sceneViewState":{"showFog":true,"showMaterialUpdate":false,"showSkybox":true,"showFlares":true,"showImageEffects":true,"showParticleSystems":true},"in2DMode":false,"pivot":{"x":10.303165435791016,"y":0.22812113165855409,"z":21.94894790649414},"rotation":{"x":0.47927066683769228,"y":-0.3962465524673462,"z":0.25668326020240786,"w":0.7398776412010193},"size":6.255731582641602,"orthographic":false}